Recency,Frequency,Monetary,KMeans_Cluster,R_Score,F_Score,M_Score,RFM_Global_Score
840,2,1129.02,2,2,1,1,1.5
828,1,359.29,0,1,3,2,1.7999999999999998
807,1,704.99,0,1,3,2,1.7999999999999998
850,1,859.82,1,4,3,3,3.5
820,1,225.72,0,1,3,2,1.7999999999999998
831,1,600.69,0,1,3,2,1.7999999999999998
816,1,100.18,3,3,3,4,3.2
841,1,146.12,3,3,3,4,3.2
835,1,883.21,0,1,3,2,1.7999999999999998
835,1,999.44,0,1,3,2,1.7999999999999998
863,1,394.76,1,4,3,3,3.5
865,1,585.27,1,4,3,3,3.5
854,1,510.68,1,4,3,3,3.5
834,1,948.58,0,1,3,2,1.7999999999999998
832,1,876.02,0,1,3,2,1.7999999999999998
827,1,209.18,3,3,3,4,3.2
826,1,935.03,0,1,3,2,1.7999999999999998
824,1,218.64,0,1,3,2,1.7999999999999998
838,1,502.65,1,4,3,3,3.5
813,1,425.86,0,1,3,2,1.7999999999999998
820,1,258.83,0,1,3,2,1.7999999999999998
846,1,696.86,1,4,3,3,3.5
851,1,541.21,1,4,3,3,3.5
810,1,328.99,0,1,3,2,1.7999999999999998
854,1,591.17,1,4,3,3,3.5
851,1,557.78,1,4,3,3,3.5
830,1,76.86,3,3,3,4,3.2
811,2,1234.46,2,2,1,1,1.5
858,1,59.14,3,3,3,4,3.2
864,1,692.85,1,4,3,3,3.5
846,1,819.21,1,4,3,3,3.5
847,1,180.15,3,3,3,4,3.2
848,1,468.37,1,4,3,3,3.5
853,1,546.13,1,4,3,3,3.5
838,1,629.21,1,4,3,3,3.5
829,1,929.79,0,1,3,2,1.7999999999999998
813,1,848.6,0,1,3,2,1.7999999999999998
807,1,729.94,0,1,3,2,1.7999999999999998
862,1,55.01,3,3,3,4,3.2
810,2,1621.62,2,2,1,1,1.5
852,1,378.74,1,4,3,3,3.5
862,1,748.65,1,4,3,3,3.5
837,1,164.76,3,3,3,4,3.2
817,1,763.45,0,1,3,2,1.7999999999999998
840,1,943.02,1,4,3,3,3.5
807,1,410.35,0,1,3,2,1.7999999999999998
858,1,850.18,1,4,3,3,3.5
812,1,337.12,0,1,3,2,1.7999999999999998
831,1,948.72,0,1,3,2,1.7999999999999998
846,2,504.2,2,2,1,1,1.5
866,1,102.76,3,3,3,4,3.2
829,1,161.9,3,3,3,4,3.2
828,1,622.98,0,1,3,2,1.7999999999999998
844,1,246.86,1,4,3,3,3.5
838,2,952.47,2,2,1,1,1.5
821,1,810.26,0,1,3,2,1.7999999999999998
864,1,375.05,1,4,3,3,3.5
832,1,393.52,0,1,3,2,1.7999999999999998
832,2,1292.11,2,2,1,1,1.5
852,1,923.05,1,4,3,3,3.5
824,1,886.8,0,1,3,2,1.7999999999999998
819,1,758.71,0,1,3,2,1.7999999999999998
829,1,737.98,0,1,3,2,1.7999999999999998
859,1,577.75,1,4,3,3,3.5
821,1,464.83,0,1,3,2,1.7999999999999998
827,1,393.01,0,1,3,2,1.7999999999999998
841,2,1117.92,2,2,1,1,1.5
818,1,179.18,3,3,3,4,3.2
813,1,864.3,0,1,3,2,1.7999999999999998
851,1,445.34,1,4,3,3,3.5
865,1,145.67,3,3,3,4,3.2
853,1,401.31,1,4,3,3,3.5
848,1,948.98,1,4,3,3,3.5
863,1,269.0,1,4,3,3,3.5
809,2,1033.13,2,2,1,1,1.5
842,1,576.05,1,4,3,3,3.5
861,1,815.05,1,4,3,3,3.5
826,1,999.29,0,1,3,2,1.7999999999999998
818,1,933.06,0,1,3,2,1.7999999999999998
849,1,604.41,1,4,3,3,3.5
812,1,365.45,0,1,3,2,1.7999999999999998
861,1,442.72,1,4,3,3,3.5
848,1,529.14,1,4,3,3,3.5
813,1,753.53,0,1,3,2,1.7999999999999998
848,1,669.42,1,4,3,3,3.5
849,1,364.88,1,4,3,3,3.5
845,2,1117.91,2,2,1,1,1.5
859,1,508.86,1,4,3,3,3.5
864,1,588.34,1,4,3,3,3.5
832,1,418.55,0,1,3,2,1.7999999999999998
807,1,845.91,0,1,3,2,1.7999999999999998
831,1,357.31,0,1,3,2,1.7999999999999998
849,1,208.69,3,3,3,4,3.2
807,1,791.4,0,1,3,2,1.7999999999999998
842,1,283.12,1,4,3,3,3.5
842,1,730.93,1,4,3,3,3.5
858,1,754.71,1,4,3,3,3.5
814,1,783.15,0,1,3,2,1.7999999999999998
814,1,552.17,0,1,3,2,1.7999999999999998
860,1,838.32,1,4,3,3,3.5
822,1,778.43,0,1,3,2,1.7999999999999998
827,1,825.62,0,1,3,2,1.7999999999999998
819,1,748.49,0,1,3,2,1.7999999999999998
837,1,453.79,1,4,3,3,3.5
832,1,546.75,0,1,3,2,1.7999999999999998
854,1,673.63,1,4,3,3,3.5
848,1,712.47,1,4,3,3,3.5
848,1,404.18,1,4,3,3,3.5
856,1,927.83,1,4,3,3,3.5
852,1,780.73,1,4,3,3,3.5
837,1,447.79,1,4,3,3,3.5
856,1,145.26,3,3,3,4,3.2
818,1,957.71,0,1,3,2,1.7999999999999998
815,2,1386.69,2,2,1,1,1.5
865,1,664.65,1,4,3,3,3.5
810,1,201.56,0,1,3,2,1.7999999999999998
814,1,310.87,0,1,3,2,1.7999999999999998
864,1,174.26,1,4,3,3,3.5
842,1,863.15,1,4,3,3,3.5
867,1,463.7,1,4,3,3,3.5
817,1,710.6,0,1,3,2,1.7999999999999998
823,1,69.31,3,3,3,4,3.2
864,1,186.21,1,4,3,3,3.5
866,1,997.19,1,4,3,3,3.5
825,1,641.14,0,1,3,2,1.7999999999999998
856,1,951.78,1,4,3,3,3.5
835,1,647.04,0,1,3,2,1.7999999999999998
838,1,449.75,1,4,3,3,3.5
828,1,872.13,0,1,3,2,1.7999999999999998
844,1,959.7,1,4,3,3,3.5
857,1,350.19,1,4,3,3,3.5
838,1,803.01,1,4,3,3,3.5
850,1,448.68,1,4,3,3,3.5
844,1,232.29,3,3,3,4,3.2
834,1,452.28,0,1,3,2,1.7999999999999998
837,1,845.33,1,4,3,3,3.5
850,1,162.68,3,3,3,4,3.2
849,1,520.3,1,4,3,3,3.5
811,1,62.08,3,3,3,4,3.2
818,1,622.43,0,1,3,2,1.7999999999999998
849,1,767.62,1,4,3,3,3.5
850,1,882.81,1,4,3,3,3.5
843,1,560.8,1,4,3,3,3.5
821,1,388.39,0,1,3,2,1.7999999999999998
840,1,846.04,1,4,3,3,3.5
863,1,270.46,1,4,3,3,3.5
855,1,447.3,1,4,3,3,3.5
845,1,558.68,1,4,3,3,3.5
857,1,809.52,1,4,3,3,3.5
819,1,56.65,3,3,3,4,3.2
837,2,1063.64,2,2,1,1,1.5
825,1,219.98,0,1,3,2,1.7999999999999998
807,1,911.4,0,1,3,2,1.7999999999999998
844,1,816.81,1,4,3,3,3.5
865,1,922.06,1,4,3,3,3.5
821,2,1635.23,2,2,1,1,1.5
853,1,992.33,1,4,3,3,3.5
842,1,385.47,1,4,3,3,3.5
838,1,110.89,3,3,3,4,3.2
813,1,760.62,0,1,3,2,1.7999999999999998
847,1,432.5,1,4,3,3,3.5
867,1,221.29,1,4,3,3,3.5
810,1,532.88,0,1,3,2,1.7999999999999998
856,1,481.11,1,4,3,3,3.5
820,1,741.41,0,1,3,2,1.7999999999999998
865,1,575.3,1,4,3,3,3.5
817,1,704.76,0,1,3,2,1.7999999999999998
807,1,765.11,0,1,3,2,1.7999999999999998
834,1,911.34,0,1,3,2,1.7999999999999998
843,1,285.19,1,4,3,3,3.5
846,1,308.75,1,4,3,3,3.5
821,1,238.71,0,1,3,2,1.7999999999999998
823,1,774.76,0,1,3,2,1.7999999999999998
824,1,743.26,0,1,3,2,1.7999999999999998
842,1,418.22,1,4,3,3,3.5
843,1,508.3,1,4,3,3,3.5
822,1,968.76,0,1,3,2,1.7999999999999998
816,1,900.14,0,1,3,2,1.7999999999999998
851,2,1164.3,2,2,1,1,1.5
818,1,642.24,0,1,3,2,1.7999999999999998
836,2,1104.57,2,2,1,1,1.5
852,1,387.55,1,4,3,3,3.5
859,1,192.9,1,4,3,3,3.5
851,1,614.74,1,4,3,3,3.5
820,1,557.69,0,1,3,2,1.7999999999999998
840,1,142.6,3,3,3,4,3.2
819,1,420.33,0,1,3,2,1.7999999999999998
866,1,299.57,1,4,3,3,3.5
824,1,802.05,0,1,3,2,1.7999999999999998
861,1,527.97,1,4,3,3,3.5
849,1,681.44,1,4,3,3,3.5
866,1,744.13,1,4,3,3,3.5
863,1,945.6,1,4,3,3,3.5
841,1,158.15,3,3,3,4,3.2
852,1,504.59,1,4,3,3,3.5
865,1,811.38,1,4,3,3,3.5
815,1,74.69,3,3,3,4,3.2
825,1,352.55,0,1,3,2,1.7999999999999998
819,1,285.78,0,1,3,2,1.7999999999999998
819,1,358.72,0,1,3,2,1.7999999999999998
861,1,242.45,1,4,3,3,3.5
859,1,54.89,3,3,3,4,3.2
810,1,140.26,3,3,3,4,3.2
832,1,766.8,0,1,3,2,1.7999999999999998
809,1,87.7,3,3,3,4,3.2
807,1,759.62,0,1,3,2,1.7999999999999998
812,1,428.09,0,1,3,2,1.7999999999999998
852,1,232.45,1,4,3,3,3.5
838,1,142.01,3,3,3,4,3.2
823,1,860.81,0,1,3,2,1.7999999999999998
832,1,260.21,0,1,3,2,1.7999999999999998
821,1,901.05,0,1,3,2,1.7999999999999998
821,1,242.28,0,1,3,2,1.7999999999999998
861,1,393.53,1,4,3,3,3.5
862,1,906.03,1,4,3,3,3.5
840,1,507.84,1,4,3,3,3.5
828,1,439.37,0,1,3,2,1.7999999999999998
857,1,588.15,1,4,3,3,3.5
837,1,921.19,1,4,3,3,3.5
831,1,689.15,0,1,3,2,1.7999999999999998
834,1,840.13,0,1,3,2,1.7999999999999998
862,1,910.53,1,4,3,3,3.5
822,1,653.59,0,1,3,2,1.7999999999999998
852,1,154.78,3,3,3,4,3.2
847,1,126.68,3,3,3,4,3.2
835,1,847.68,0,1,3,2,1.7999999999999998
810,1,850.9,0,1,3,2,1.7999999999999998
807,1,700.65,0,1,3,2,1.7999999999999998
848,1,16.7,3,3,3,4,3.2
819,1,787.83,0,1,3,2,1.7999999999999998
812,1,467.08,0,1,3,2,1.7999999999999998
818,1,772.45,0,1,3,2,1.7999999999999998
823,1,21.24,3,3,3,4,3.2
813,2,1080.46,2,2,1,1,1.5
812,1,257.5,0,1,3,2,1.7999999999999998
852,1,792.47,1,4,3,3,3.5
827,1,309.8,0,1,3,2,1.7999999999999998
852,1,747.54,1,4,3,3,3.5
861,1,60.1,3,3,3,4,3.2
863,1,535.2,1,4,3,3,3.5
855,1,606.44,1,4,3,3,3.5
843,1,198.7,3,3,3,4,3.2
821,1,39.19,3,3,3,4,3.2
859,1,47.92,3,3,3,4,3.2
814,2,123.06,2,2,1,1,1.5
864,1,174.68,1,4,3,3,3.5
826,1,690.75,0,1,3,2,1.7999999999999998
830,1,707.65,0,1,3,2,1.7999999999999998
844,1,398.57,1,4,3,3,3.5
807,1,99.18,3,3,3,4,3.2
837,1,807.61,1,4,3,3,3.5
846,1,90.69,3,3,3,4,3.2
858,1,813.03,1,4,3,3,3.5
840,1,970.83,1,4,3,3,3.5
844,1,764.89,1,4,3,3,3.5
838,1,750.26,1,4,3,3,3.5
866,1,464.63,1,4,3,3,3.5
823,1,540.99,0,1,3,2,1.7999999999999998
836,1,933.33,0,1,3,2,1.7999999999999998
828,1,290.3,0,1,3,2,1.7999999999999998
857,1,189.04,1,4,3,3,3.5
825,1,487.37,0,1,3,2,1.7999999999999998
863,1,302.83,1,4,3,3,3.5
819,1,731.2,0,1,3,2,1.7999999999999998
852,2,292.33000000000004,2,2,1,1,1.5
844,1,606.0,1,4,3,3,3.5
812,1,933.4,0,1,3,2,1.7999999999999998
820,1,862.88,0,1,3,2,1.7999999999999998
846,1,564.25,1,4,3,3,3.5
846,1,417.53,1,4,3,3,3.5
820,1,447.42,0,1,3,2,1.7999999999999998
812,1,153.16,3,3,3,4,3.2
831,1,248.07,0,1,3,2,1.7999999999999998
842,1,990.71,1,4,3,3,3.5
864,1,223.31,1,4,3,3,3.5
839,1,471.39,1,4,3,3,3.5
847,2,1770.85,2,2,1,1,1.5
843,1,12.13,3,3,3,4,3.2
814,1,472.72,0,1,3,2,1.7999999999999998
851,1,532.4,1,4,3,3,3.5
863,1,753.92,1,4,3,3,3.5
828,1,147.84,3,3,3,4,3.2
841,1,490.78,1,4,3,3,3.5
844,1,135.66,3,3,3,4,3.2
817,1,283.34,0,1,3,2,1.7999999999999998
821,1,688.74,0,1,3,2,1.7999999999999998
831,1,766.84,0,1,3,2,1.7999999999999998
846,1,363.95,1,4,3,3,3.5
825,1,628.23,0,1,3,2,1.7999999999999998
862,1,504.86,1,4,3,3,3.5
815,1,676.85,0,1,3,2,1.7999999999999998
836,1,827.45,0,1,3,2,1.7999999999999998
829,1,802.86,0,1,3,2,1.7999999999999998
855,1,876.43,1,4,3,3,3.5
817,1,367.88,0,1,3,2,1.7999999999999998
860,1,664.45,1,4,3,3,3.5
827,1,499.42,0,1,3,2,1.7999999999999998
855,1,140.84,3,3,3,4,3.2
859,1,386.41,1,4,3,3,3.5
826,1,610.56,0,1,3,2,1.7999999999999998
808,1,920.44,0,1,3,2,1.7999999999999998
838,1,751.84,1,4,3,3,3.5
812,1,40.96,3,3,3,4,3.2
861,1,918.87,1,4,3,3,3.5
820,2,1731.53,2,2,1,1,1.5
818,1,589.59,0,1,3,2,1.7999999999999998
818,1,90.0,3,3,3,4,3.2
812,1,151.82,3,3,3,4,3.2
829,1,325.03,0,1,3,2,1.7999999999999998
813,1,393.59,0,1,3,2,1.7999999999999998
856,1,644.07,1,4,3,3,3.5
844,1,886.64,1,4,3,3,3.5
863,1,599.08,1,4,3,3,3.5
836,1,522.57,0,1,3,2,1.7999999999999998
808,1,751.51,0,1,3,2,1.7999999999999998
855,1,505.64,1,4,3,3,3.5
823,1,246.42,0,1,3,2,1.7999999999999998
819,1,167.75,3,3,3,4,3.2
846,1,729.28,1,4,3,3,3.5
833,1,454.13,0,1,3,2,1.7999999999999998
849,1,363.4,1,4,3,3,3.5
852,1,286.22,1,4,3,3,3.5
847,1,518.76,1,4,3,3,3.5
859,1,52.25,3,3,3,4,3.2
866,1,692.36,1,4,3,3,3.5
856,1,614.84,1,4,3,3,3.5
853,1,41.91,3,3,3,4,3.2
844,1,681.52,1,4,3,3,3.5
822,1,699.39,0,1,3,2,1.7999999999999998
865,1,786.12,1,4,3,3,3.5
815,1,390.1,0,1,3,2,1.7999999999999998
846,1,237.72,1,4,3,3,3.5
839,1,596.28,1,4,3,3,3.5
822,1,653.39,0,1,3,2,1.7999999999999998
861,1,35.48,3,3,3,4,3.2
850,1,752.68,1,4,3,3,3.5
860,1,144.37,3,3,3,4,3.2
837,1,321.04,1,4,3,3,3.5
854,1,627.93,1,4,3,3,3.5
865,1,793.2,1,4,3,3,3.5
815,1,630.95,0,1,3,2,1.7999999999999998
850,1,754.8,1,4,3,3,3.5
826,1,147.19,3,3,3,4,3.2
839,2,508.21,2,2,1,1,1.5
857,1,403.08,1,4,3,3,3.5
808,1,198.12,0,1,3,2,1.7999999999999998
845,1,799.85,1,4,3,3,3.5
826,1,504.24,0,1,3,2,1.7999999999999998
809,1,46.29,3,3,3,4,3.2
833,1,140.99,3,3,3,4,3.2
809,1,195.28,0,1,3,2,1.7999999999999998
814,1,858.01,0,1,3,2,1.7999999999999998
838,1,826.31,1,4,3,3,3.5
814,1,158.02,3,3,3,4,3.2
815,1,871.0,0,1,3,2,1.7999999999999998
837,1,216.8,3,3,3,4,3.2
862,1,897.63,1,4,3,3,3.5
821,1,86.43,3,3,3,4,3.2
860,1,243.61,1,4,3,3,3.5
838,1,309.12,1,4,3,3,3.5
856,1,806.07,1,4,3,3,3.5
824,1,331.04,0,1,3,2,1.7999999999999998
867,1,80.28,3,3,3,4,3.2
851,1,88.42,3,3,3,4,3.2
829,1,720.67,0,1,3,2,1.7999999999999998
828,1,836.4,0,1,3,2,1.7999999999999998
811,1,221.22,0,1,3,2,1.7999999999999998
826,1,232.86,0,1,3,2,1.7999999999999998
846,1,781.33,1,4,3,3,3.5
835,1,749.38,0,1,3,2,1.7999999999999998
820,1,674.63,0,1,3,2,1.7999999999999998
821,1,985.03,0,1,3,2,1.7999999999999998
833,1,295.78,0,1,3,2,1.7999999999999998
857,2,805.14,2,2,1,1,1.5
848,1,687.2,1,4,3,3,3.5
820,1,656.25,0,1,3,2,1.7999999999999998
820,1,99.48,3,3,3,4,3.2
853,1,33.43,3,3,3,4,3.2
809,1,266.06,0,1,3,2,1.7999999999999998
841,1,345.54,1,4,3,3,3.5
824,1,837.6,0,1,3,2,1.7999999999999998
843,1,98.44,3,3,3,4,3.2
855,1,836.59,1,4,3,3,3.5
807,1,804.28,0,1,3,2,1.7999999999999998
852,1,466.02,1,4,3,3,3.5
843,1,391.61,1,4,3,3,3.5
829,1,803.91,0,1,3,2,1.7999999999999998
817,2,714.16,2,2,1,1,1.5
849,1,709.89,1,4,3,3,3.5
833,3,2073.33,2,2,1,1,1.5
822,2,1279.44,2,2,1,1,1.5
862,1,159.18,3,3,3,4,3.2
851,1,812.96,1,4,3,3,3.5
839,1,756.22,1,4,3,3,3.5
832,1,437.9,0,1,3,2,1.7999999999999998
813,1,369.06,0,1,3,2,1.7999999999999998
861,1,154.98,3,3,3,4,3.2
812,1,170.88,0,1,3,2,1.7999999999999998
849,1,268.38,1,4,3,3,3.5
854,1,812.6,1,4,3,3,3.5
835,1,786.46,0,1,3,2,1.7999999999999998
848,1,130.63,3,3,3,4,3.2
864,1,252.03,1,4,3,3,3.5
847,1,723.79,1,4,3,3,3.5
813,1,964.36,0,1,3,2,1.7999999999999998
822,1,166.79,3,3,3,4,3.2
864,1,248.46,1,4,3,3,3.5
831,2,626.79,2,2,1,1,1.5
854,1,587.51,1,4,3,3,3.5
813,1,233.09,0,1,3,2,1.7999999999999998
823,2,982.95,2,2,1,1,1.5
807,1,624.79,0,1,3,2,1.7999999999999998
848,1,667.32,1,4,3,3,3.5
859,1,789.11,1,4,3,3,3.5
820,1,53.79,3,3,3,4,3.2
837,1,615.16,1,4,3,3,3.5
830,1,598.57,0,1,3,2,1.7999999999999998
821,1,628.78,0,1,3,2,1.7999999999999998
820,1,994.59,0,1,3,2,1.7999999999999998
855,1,840.84,1,4,3,3,3.5
850,1,648.17,1,4,3,3,3.5
825,1,248.74,0,1,3,2,1.7999999999999998
812,2,1005.37,2,2,1,1,1.5
853,1,696.59,1,4,3,3,3.5
865,1,461.88,1,4,3,3,3.5
825,1,111.77,3,3,3,4,3.2
862,1,378.13,1,4,3,3,3.5
855,1,638.71,1,4,3,3,3.5
824,1,758.02,0,1,3,2,1.7999999999999998
810,1,49.09,3,3,3,4,3.2
810,1,909.08,0,1,3,2,1.7999999999999998
837,1,642.13,1,4,3,3,3.5
865,1,711.7,1,4,3,3,3.5
818,1,111.88,3,3,3,4,3.2
826,1,238.85,0,1,3,2,1.7999999999999998
820,1,484.29,0,1,3,2,1.7999999999999998
822,1,194.34,3,3,3,4,3.2
819,1,823.38,0,1,3,2,1.7999999999999998
811,1,393.3,0,1,3,2,1.7999999999999998
863,1,388.85,1,4,3,3,3.5
834,2,1132.47,2,2,1,1,1.5
854,1,673.03,1,4,3,3,3.5
813,1,540.74,0,1,3,2,1.7999999999999998
826,1,365.96,0,1,3,2,1.7999999999999998
825,1,864.01,0,1,3,2,1.7999999999999998
822,1,975.3,0,1,3,2,1.7999999999999998
844,1,241.68,1,4,3,3,3.5
817,1,793.34,0,1,3,2,1.7999999999999998
846,1,627.03,1,4,3,3,3.5
864,1,135.49,3,3,3,4,3.2
865,1,117.32,3,3,3,4,3.2
826,1,785.07,0,1,3,2,1.7999999999999998
857,1,789.5,1,4,3,3,3.5
829,1,648.2,0,1,3,2,1.7999999999999998
848,1,258.89,1,4,3,3,3.5
815,1,87.11,3,3,3,4,3.2
859,1,118.13,3,3,3,4,3.2
835,1,544.58,0,1,3,2,1.7999999999999998
839,1,906.25,1,4,3,3,3.5
855,1,810.73,1,4,3,3,3.5
840,1,490.79,1,4,3,3,3.5
860,1,801.35,1,4,3,3,3.5
823,1,764.79,0,1,3,2,1.7999999999999998
844,1,825.27,1,4,3,3,3.5
865,1,974.55,1,4,3,3,3.5
839,1,86.71,3,3,3,4,3.2
840,1,896.53,1,4,3,3,3.5
842,1,152.41,3,3,3,4,3.2
818,1,405.44,0,1,3,2,1.7999999999999998
841,1,306.75,1,4,3,3,3.5
865,1,13.51,3,3,3,4,3.2
818,1,779.9,0,1,3,2,1.7999999999999998
816,3,2379.45,2,2,1,1,1.5
819,1,951.69,0,1,3,2,1.7999999999999998
812,1,78.73,3,3,3,4,3.2
815,1,989.2,0,1,3,2,1.7999999999999998
843,2,839.24,2,2,1,1,1.5
850,1,133.79,3,3,3,4,3.2
821,2,720.25,2,2,1,1,1.5
829,1,26.14,3,3,3,4,3.2
826,1,745.5,0,1,3,2,1.7999999999999998
866,1,392.7,1,4,3,3,3.5
840,1,699.63,1,4,3,3,3.5
812,1,540.28,0,1,3,2,1.7999999999999998
838,1,635.4,1,4,3,3,3.5
847,1,292.56,1,4,3,3,3.5
839,1,882.04,1,4,3,3,3.5
822,1,215.21,0,1,3,2,1.7999999999999998
847,1,128.78,3,3,3,4,3.2
817,1,400.38,0,1,3,2,1.7999999999999998
825,1,76.69,3,3,3,4,3.2
841,1,393.92,1,4,3,3,3.5
814,1,632.35,0,1,3,2,1.7999999999999998
854,1,950.81,1,4,3,3,3.5
861,1,476.07,1,4,3,3,3.5
839,1,185.65,3,3,3,4,3.2
844,1,618.48,1,4,3,3,3.5
866,1,978.17,1,4,3,3,3.5
851,1,907.84,1,4,3,3,3.5
853,1,367.27,1,4,3,3,3.5
854,1,969.02,1,4,3,3,3.5
831,1,606.76,0,1,3,2,1.7999999999999998
824,1,117.02,3,3,3,4,3.2
847,1,374.88,1,4,3,3,3.5
808,1,666.75,0,1,3,2,1.7999999999999998
851,1,566.52,1,4,3,3,3.5
865,1,812.08,1,4,3,3,3.5
853,1,222.67,1,4,3,3,3.5
820,1,448.68,0,1,3,2,1.7999999999999998
841,2,1163.24,2,2,1,1,1.5
807,1,219.12,0,1,3,2,1.7999999999999998
837,1,252.43,3,3,3,4,3.2
839,1,748.15,1,4,3,3,3.5
811,1,513.25,0,1,3,2,1.7999999999999998
857,1,987.78,1,4,3,3,3.5
821,1,702.45,0,1,3,2,1.7999999999999998
823,1,588.33,0,1,3,2,1.7999999999999998
844,1,899.99,1,4,3,3,3.5
851,1,366.05,1,4,3,3,3.5
853,1,254.92,1,4,3,3,3.5
821,1,770.94,0,1,3,2,1.7999999999999998
862,1,516.19,1,4,3,3,3.5
853,1,808.5,1,4,3,3,3.5
861,1,582.9,1,4,3,3,3.5
842,1,995.2,1,4,3,3,3.5
827,1,67.43,3,3,3,4,3.2
842,1,275.06,1,4,3,3,3.5
860,1,745.45,1,4,3,3,3.5
841,1,955.89,1,4,3,3,3.5
841,1,368.65,1,4,3,3,3.5
844,1,115.49,3,3,3,4,3.2
863,1,561.77,1,4,3,3,3.5
816,1,740.72,0,1,3,2,1.7999999999999998
851,1,952.15,1,4,3,3,3.5
852,1,471.81,1,4,3,3,3.5
857,1,639.82,1,4,3,3,3.5
824,1,148.53,3,3,3,4,3.2
852,1,308.75,1,4,3,3,3.5
861,1,89.27,3,3,3,4,3.2
829,1,480.87,0,1,3,2,1.7999999999999998
818,1,290.23,0,1,3,2,1.7999999999999998
829,1,156.85,3,3,3,4,3.2
857,1,632.87,1,4,3,3,3.5
812,1,971.26,0,1,3,2,1.7999999999999998
824,1,924.9,0,1,3,2,1.7999999999999998
839,1,34.66,3,3,3,4,3.2
822,1,299.71,0,1,3,2,1.7999999999999998
821,1,473.71,0,1,3,2,1.7999999999999998
813,1,378.0,0,1,3,2,1.7999999999999998
812,1,462.97,0,1,3,2,1.7999999999999998
812,1,284.12,0,1,3,2,1.7999999999999998
812,1,481.39,0,1,3,2,1.7999999999999998
842,1,700.24,1,4,3,3,3.5
847,1,458.23,1,4,3,3,3.5
866,1,637.78,1,4,3,3,3.5
835,1,700.79,0,1,3,2,1.7999999999999998
854,1,460.15,1,4,3,3,3.5
815,1,136.52,3,3,3,4,3.2
813,1,677.61,0,1,3,2,1.7999999999999998
839,1,341.39,1,4,3,3,3.5
825,1,131.01,3,3,3,4,3.2
822,1,477.68,0,1,3,2,1.7999999999999998
852,1,12.71,3,3,3,4,3.2
845,1,136.93,3,3,3,4,3.2
823,1,245.2,0,1,3,2,1.7999999999999998
817,1,436.15,0,1,3,2,1.7999999999999998
832,1,769.74,0,1,3,2,1.7999999999999998
859,1,53.89,3,3,3,4,3.2
845,1,880.99,1,4,3,3,3.5
863,1,336.39,1,4,3,3,3.5
826,1,98.41,3,3,3,4,3.2
847,1,894.1,1,4,3,3,3.5
811,1,768.64,0,1,3,2,1.7999999999999998
834,1,527.87,0,1,3,2,1.7999999999999998
808,1,969.96,0,1,3,2,1.7999999999999998
816,1,124.02,3,3,3,4,3.2
807,1,125.84,3,3,3,4,3.2
850,1,163.92,3,3,3,4,3.2
822,1,185.69,3,3,3,4,3.2
844,1,827.06,1,4,3,3,3.5
807,1,768.49,0,1,3,2,1.7999999999999998
841,1,987.32,1,4,3,3,3.5
849,2,1148.94,2,2,1,1,1.5
844,1,192.07,3,3,3,4,3.2
854,1,418.53,1,4,3,3,3.5
849,1,474.51,1,4,3,3,3.5
866,1,417.64,1,4,3,3,3.5
823,1,73.12,3,3,3,4,3.2
842,1,139.46,3,3,3,4,3.2
830,1,306.16,0,1,3,2,1.7999999999999998
807,1,941.5,0,1,3,2,1.7999999999999998
833,1,434.09,0,1,3,2,1.7999999999999998
845,1,963.65,1,4,3,3,3.5
837,1,106.65,3,3,3,4,3.2
848,1,349.64,1,4,3,3,3.5
832,1,934.36,0,1,3,2,1.7999999999999998
845,1,171.88,3,3,3,4,3.2
851,1,789.15,1,4,3,3,3.5
807,1,571.97,0,1,3,2,1.7999999999999998
857,1,148.56,3,3,3,4,3.2
828,1,998.17,0,1,3,2,1.7999999999999998
815,1,869.04,0,1,3,2,1.7999999999999998
857,1,650.53,1,4,3,3,3.5
814,1,637.32,0,1,3,2,1.7999999999999998
854,1,673.47,1,4,3,3,3.5
827,1,309.3,0,1,3,2,1.7999999999999998
842,1,518.33,1,4,3,3,3.5
832,1,941.73,0,1,3,2,1.7999999999999998
817,1,76.88,3,3,3,4,3.2
808,1,507.81,0,1,3,2,1.7999999999999998
817,1,790.55,0,1,3,2,1.7999999999999998
835,1,307.19,0,1,3,2,1.7999999999999998
815,1,458.07,0,1,3,2,1.7999999999999998
865,1,226.63,1,4,3,3,3.5
819,1,196.54,0,1,3,2,1.7999999999999998
823,1,896.55,0,1,3,2,1.7999999999999998
819,1,277.07,0,1,3,2,1.7999999999999998
839,1,453.02,1,4,3,3,3.5
816,1,680.0,0,1,3,2,1.7999999999999998
867,1,433.33,1,4,3,3,3.5
808,1,323.31,0,1,3,2,1.7999999999999998
827,1,892.66,0,1,3,2,1.7999999999999998
832,1,295.72,0,1,3,2,1.7999999999999998
843,1,921.02,1,4,3,3,3.5
840,1,79.27,3,3,3,4,3.2
833,1,686.11,0,1,3,2,1.7999999999999998
808,1,799.32,0,1,3,2,1.7999999999999998
811,1,306.26,0,1,3,2,1.7999999999999998
819,1,592.5,0,1,3,2,1.7999999999999998
857,1,609.83,1,4,3,3,3.5
817,2,1662.1,2,2,1,1,1.5
830,1,557.0,0,1,3,2,1.7999999999999998
849,1,166.17,3,3,3,4,3.2
825,1,949.89,0,1,3,2,1.7999999999999998
818,1,98.59,3,3,3,4,3.2
844,1,855.78,1,4,3,3,3.5
823,1,149.94,3,3,3,4,3.2
810,1,388.65,0,1,3,2,1.7999999999999998
839,1,84.76,3,3,3,4,3.2
857,1,734.67,1,4,3,3,3.5
813,1,740.7,0,1,3,2,1.7999999999999998
830,1,906.98,0,1,3,2,1.7999999999999998
824,1,608.92,0,1,3,2,1.7999999999999998
848,1,736.66,1,4,3,3,3.5
845,1,550.56,1,4,3,3,3.5
846,1,38.41,3,3,3,4,3.2
824,1,750.65,0,1,3,2,1.7999999999999998
861,1,365.39,1,4,3,3,3.5
829,1,535.25,0,1,3,2,1.7999999999999998
815,1,642.16,0,1,3,2,1.7999999999999998
814,2,444.89,2,2,1,1,1.5
835,1,532.19,0,1,3,2,1.7999999999999998
826,1,490.73,0,1,3,2,1.7999999999999998
840,1,193.9,3,3,3,4,3.2
819,1,742.35,0,1,3,2,1.7999999999999998
845,1,963.62,1,4,3,3,3.5
808,1,984.6,0,1,3,2,1.7999999999999998
851,1,544.83,1,4,3,3,3.5
846,1,973.99,1,4,3,3,3.5
815,1,527.36,0,1,3,2,1.7999999999999998
837,1,918.72,1,4,3,3,3.5
845,3,1386.3200000000002,2,2,1,1,1.5
838,1,774.62,1,4,3,3,3.5
849,1,649.71,1,4,3,3,3.5
859,1,599.09,1,4,3,3,3.5
863,1,547.76,1,4,3,3,3.5
830,1,123.09,3,3,3,4,3.2
836,1,150.75,3,3,3,4,3.2
844,1,122.75,3,3,3,4,3.2
820,1,165.44,3,3,3,4,3.2
844,1,796.95,1,4,3,3,3.5
830,1,568.75,0,1,3,2,1.7999999999999998
828,1,939.75,0,1,3,2,1.7999999999999998
863,1,595.98,1,4,3,3,3.5
859,1,674.97,1,4,3,3,3.5
807,1,717.86,0,1,3,2,1.7999999999999998
813,2,1018.2,2,2,1,1,1.5
847,1,653.07,1,4,3,3,3.5
835,1,440.15,0,1,3,2,1.7999999999999998
844,1,227.13,3,3,3,4,3.2
838,1,279.11,1,4,3,3,3.5
844,1,689.42,1,4,3,3,3.5
833,1,511.55,0,1,3,2,1.7999999999999998
844,1,54.79,3,3,3,4,3.2
812,1,519.45,0,1,3,2,1.7999999999999998
822,1,643.74,0,1,3,2,1.7999999999999998
832,1,835.39,0,1,3,2,1.7999999999999998
826,1,935.68,0,1,3,2,1.7999999999999998
855,1,103.38,3,3,3,4,3.2
835,1,115.4,3,3,3,4,3.2
846,1,547.19,1,4,3,3,3.5
839,1,692.48,1,4,3,3,3.5
815,1,579.15,0,1,3,2,1.7999999999999998
812,1,658.23,0,1,3,2,1.7999999999999998
835,1,777.22,0,1,3,2,1.7999999999999998
829,1,151.29,3,3,3,4,3.2
838,1,865.2,1,4,3,3,3.5
851,1,164.16,3,3,3,4,3.2
864,1,195.71,1,4,3,3,3.5
848,1,282.4,1,4,3,3,3.5
865,1,566.9,1,4,3,3,3.5
850,1,223.41,1,4,3,3,3.5
816,2,391.96,2,2,1,1,1.5
826,2,510.52,2,2,1,1,1.5
846,1,934.91,1,4,3,3,3.5
814,1,487.67,0,1,3,2,1.7999999999999998
822,1,841.49,0,1,3,2,1.7999999999999998
841,1,157.73,3,3,3,4,3.2
830,1,314.6,0,1,3,2,1.7999999999999998
828,1,642.6,0,1,3,2,1.7999999999999998
829,1,916.75,0,1,3,2,1.7999999999999998
814,1,899.64,0,1,3,2,1.7999999999999998
833,1,750.04,0,1,3,2,1.7999999999999998
853,1,328.58,1,4,3,3,3.5
843,1,905.79,1,4,3,3,3.5
848,1,787.87,1,4,3,3,3.5
817,1,887.98,0,1,3,2,1.7999999999999998
826,1,887.26,0,1,3,2,1.7999999999999998
827,1,616.19,0,1,3,2,1.7999999999999998
829,1,72.89,3,3,3,4,3.2
849,1,617.0,1,4,3,3,3.5
817,1,383.22,0,1,3,2,1.7999999999999998
823,2,763.0699999999999,2,2,1,1,1.5
862,1,436.3,1,4,3,3,3.5
861,1,738.63,1,4,3,3,3.5
820,2,816.85,2,2,1,1,1.5
857,1,692.87,1,4,3,3,3.5
824,1,116.88,3,3,3,4,3.2
811,1,113.06,3,3,3,4,3.2
814,1,554.97,0,1,3,2,1.7999999999999998
857,1,14.78,3,3,3,4,3.2
817,1,584.18,0,1,3,2,1.7999999999999998
839,1,561.42,1,4,3,3,3.5
820,1,329.1,0,1,3,2,1.7999999999999998
847,1,26.72,3,3,3,4,3.2
811,1,689.91,0,1,3,2,1.7999999999999998
857,1,459.19,1,4,3,3,3.5
834,1,643.39,0,1,3,2,1.7999999999999998
856,1,736.46,1,4,3,3,3.5
850,1,841.71,1,4,3,3,3.5
829,1,984.39,0,1,3,2,1.7999999999999998
842,1,257.4,1,4,3,3,3.5
856,1,615.21,1,4,3,3,3.5
821,1,425.46,0,1,3,2,1.7999999999999998
860,1,474.01,1,4,3,3,3.5
834,1,527.52,0,1,3,2,1.7999999999999998
842,1,885.55,1,4,3,3,3.5
845,1,725.21,1,4,3,3,3.5
846,2,1117.49,2,2,1,1,1.5
847,1,424.59,1,4,3,3,3.5
862,1,605.2,1,4,3,3,3.5
819,1,61.1,3,3,3,4,3.2
824,1,221.56,0,1,3,2,1.7999999999999998
828,1,816.86,0,1,3,2,1.7999999999999998
843,1,567.54,1,4,3,3,3.5
857,1,697.06,1,4,3,3,3.5
819,1,86.12,3,3,3,4,3.2
862,1,812.41,1,4,3,3,3.5
819,1,599.18,0,1,3,2,1.7999999999999998
857,1,187.35,1,4,3,3,3.5
854,1,996.4,1,4,3,3,3.5
817,2,974.88,2,2,1,1,1.5
847,1,127.52,3,3,3,4,3.2
817,1,27.07,3,3,3,4,3.2
853,1,538.67,1,4,3,3,3.5
829,1,992.85,0,1,3,2,1.7999999999999998
849,1,821.22,1,4,3,3,3.5
851,1,355.09,1,4,3,3,3.5
813,1,377.37,0,1,3,2,1.7999999999999998
820,1,341.31,0,1,3,2,1.7999999999999998
838,1,683.31,1,4,3,3,3.5
809,1,448.29,0,1,3,2,1.7999999999999998
838,1,828.74,1,4,3,3,3.5
835,1,229.33,3,3,3,4,3.2
860,1,106.46,3,3,3,4,3.2
850,1,703.47,1,4,3,3,3.5
859,1,518.12,1,4,3,3,3.5
846,1,165.84,3,3,3,4,3.2
862,1,257.58,1,4,3,3,3.5
808,1,409.92,0,1,3,2,1.7999999999999998
867,1,375.23,1,4,3,3,3.5
813,1,309.1,0,1,3,2,1.7999999999999998
860,1,701.26,1,4,3,3,3.5
825,1,593.42,0,1,3,2,1.7999999999999998
826,1,964.39,0,1,3,2,1.7999999999999998
820,1,94.05,3,3,3,4,3.2
824,1,466.11,0,1,3,2,1.7999999999999998
866,1,132.99,3,3,3,4,3.2
809,1,87.08,3,3,3,4,3.2
845,1,164.55,3,3,3,4,3.2
864,1,176.31,1,4,3,3,3.5
824,1,808.85,0,1,3,2,1.7999999999999998
852,1,875.74,1,4,3,3,3.5
814,1,649.64,0,1,3,2,1.7999999999999998
813,1,126.6,3,3,3,4,3.2
854,1,346.79,1,4,3,3,3.5
823,1,483.75,0,1,3,2,1.7999999999999998
840,1,827.48,1,4,3,3,3.5
812,1,289.48,0,1,3,2,1.7999999999999998
810,1,294.76,0,1,3,2,1.7999999999999998
848,1,168.12,3,3,3,4,3.2
822,1,938.12,0,1,3,2,1.7999999999999998
816,1,983.18,0,1,3,2,1.7999999999999998
839,1,619.19,1,4,3,3,3.5
819,1,841.33,0,1,3,2,1.7999999999999998
866,1,751.53,1,4,3,3,3.5
853,1,207.58,1,4,3,3,3.5
836,1,895.93,0,1,3,2,1.7999999999999998
866,1,338.56,1,4,3,3,3.5
866,1,623.35,1,4,3,3,3.5
811,1,202.6,0,1,3,2,1.7999999999999998
825,1,123.25,3,3,3,4,3.2
863,1,100.31,3,3,3,4,3.2
815,1,26.47,3,3,3,4,3.2
850,1,56.1,3,3,3,4,3.2
831,1,747.86,0,1,3,2,1.7999999999999998
848,1,88.17,3,3,3,4,3.2
847,1,360.0,1,4,3,3,3.5
867,1,943.31,1,4,3,3,3.5
848,1,19.04,3,3,3,4,3.2
843,1,14.62,3,3,3,4,3.2
847,1,936.47,1,4,3,3,3.5
807,1,545.36,0,1,3,2,1.7999999999999998
854,1,594.88,1,4,3,3,3.5
833,1,783.62,0,1,3,2,1.7999999999999998
838,1,450.9,1,4,3,3,3.5
857,1,528.99,1,4,3,3,3.5
832,1,206.13,3,3,3,4,3.2
845,1,667.07,1,4,3,3,3.5
861,1,302.48,1,4,3,3,3.5
821,1,691.77,0,1,3,2,1.7999999999999998
851,1,988.62,1,4,3,3,3.5
850,1,727.34,1,4,3,3,3.5
817,1,350.3,0,1,3,2,1.7999999999999998
826,1,324.11,0,1,3,2,1.7999999999999998
866,1,16.55,3,3,3,4,3.2
832,1,760.58,0,1,3,2,1.7999999999999998
866,1,120.75,3,3,3,4,3.2
862,1,899.9,1,4,3,3,3.5
849,1,148.89,3,3,3,4,3.2
861,1,873.99,1,4,3,3,3.5
831,1,784.15,0,1,3,2,1.7999999999999998
813,1,699.22,0,1,3,2,1.7999999999999998
833,1,315.96,0,1,3,2,1.7999999999999998
810,1,985.51,0,1,3,2,1.7999999999999998
852,1,224.71,1,4,3,3,3.5
850,1,329.64,1,4,3,3,3.5
829,1,883.52,0,1,3,2,1.7999999999999998
865,1,134.98,3,3,3,4,3.2
864,1,972.57,1,4,3,3,3.5
866,1,388.9,1,4,3,3,3.5
858,1,337.86,1,4,3,3,3.5
866,1,99.15,3,3,3,4,3.2
841,1,883.95,1,4,3,3,3.5
820,1,207.67,0,1,3,2,1.7999999999999998
835,1,99.65,3,3,3,4,3.2
826,1,180.83,3,3,3,4,3.2
857,1,131.93,3,3,3,4,3.2
846,1,660.96,1,4,3,3,3.5
857,1,421.77,1,4,3,3,3.5
851,1,141.13,3,3,3,4,3.2
843,1,736.32,1,4,3,3,3.5
843,1,468.08,1,4,3,3,3.5
814,1,514.62,0,1,3,2,1.7999999999999998
809,1,115.35,3,3,3,4,3.2
818,2,1710.17,2,2,1,1,1.5
822,2,136.66,2,2,1,1,1.5
836,1,777.0,0,1,3,2,1.7999999999999998
844,1,64.88,3,3,3,4,3.2
860,1,576.99,1,4,3,3,3.5
850,1,403.9,1,4,3,3,3.5
832,1,574.96,0,1,3,2,1.7999999999999998
828,1,950.26,0,1,3,2,1.7999999999999998
848,1,844.64,1,4,3,3,3.5
866,1,865.98,1,4,3,3,3.5
860,1,383.43,1,4,3,3,3.5
816,1,513.65,0,1,3,2,1.7999999999999998
847,1,95.87,3,3,3,4,3.2
831,1,249.52,0,1,3,2,1.7999999999999998
842,1,989.23,1,4,3,3,3.5
813,1,133.43,3,3,3,4,3.2
812,1,380.17,0,1,3,2,1.7999999999999998
851,1,382.57,1,4,3,3,3.5
819,1,247.9,0,1,3,2,1.7999999999999998
867,1,739.56,1,4,3,3,3.5
858,1,311.08,1,4,3,3,3.5
838,1,157.45,3,3,3,4,3.2
824,1,450.62,0,1,3,2,1.7999999999999998
821,2,1553.53,2,2,1,1,1.5
839,1,419.85,1,4,3,3,3.5
857,1,688.46,1,4,3,3,3.5
825,1,982.29,0,1,3,2,1.7999999999999998
841,1,376.67,1,4,3,3,3.5
860,1,524.56,1,4,3,3,3.5
812,2,945.27,2,2,1,1,1.5
855,1,364.34,1,4,3,3,3.5
844,1,77.0,3,3,3,4,3.2
809,1,143.9,3,3,3,4,3.2
862,2,1242.49,2,2,1,1,1.5
852,1,249.89,1,4,3,3,3.5
854,1,698.87,1,4,3,3,3.5
843,1,320.62,1,4,3,3,3.5
828,1,704.3,0,1,3,2,1.7999999999999998
825,1,256.28,0,1,3,2,1.7999999999999998
812,1,371.24,0,1,3,2,1.7999999999999998
851,1,817.06,1,4,3,3,3.5
851,1,971.37,1,4,3,3,3.5
821,1,281.99,0,1,3,2,1.7999999999999998
845,1,769.17,1,4,3,3,3.5
848,2,844.6,2,2,1,1,1.5
820,1,58.09,3,3,3,4,3.2
835,1,201.96,3,3,3,4,3.2
853,1,641.57,1,4,3,3,3.5
841,1,570.27,1,4,3,3,3.5
862,1,507.55,1,4,3,3,3.5
849,1,878.7,1,4,3,3,3.5
821,1,252.36,0,1,3,2,1.7999999999999998
842,1,225.65,3,3,3,4,3.2
828,1,58.1,3,3,3,4,3.2
846,1,939.84,1,4,3,3,3.5
847,1,396.82,1,4,3,3,3.5
856,1,372.14,1,4,3,3,3.5
819,1,274.16,0,1,3,2,1.7999999999999998
842,1,533.55,1,4,3,3,3.5
816,1,667.45,0,1,3,2,1.7999999999999998
856,1,979.58,1,4,3,3,3.5
837,2,622.27,2,2,1,1,1.5
859,1,657.0,1,4,3,3,3.5
853,1,806.66,1,4,3,3,3.5
851,1,663.99,1,4,3,3,3.5
865,1,621.28,1,4,3,3,3.5
841,2,1820.53,2,2,1,1,1.5
815,1,759.22,0,1,3,2,1.7999999999999998
823,1,495.19,0,1,3,2,1.7999999999999998
831,1,661.53,0,1,3,2,1.7999999999999998
843,1,896.8,1,4,3,3,3.5
834,1,498.97,0,1,3,2,1.7999999999999998
817,1,29.33,3,3,3,4,3.2
841,1,265.23,1,4,3,3,3.5
831,1,182.11,3,3,3,4,3.2
853,1,651.16,1,4,3,3,3.5
849,1,960.53,1,4,3,3,3.5
845,1,679.11,1,4,3,3,3.5
819,1,798.01,0,1,3,2,1.7999999999999998
864,1,36.1,3,3,3,4,3.2
837,1,626.81,1,4,3,3,3.5
